{"chunk_definitions":[{"row":6,"row_count":1,"visible":true,"expansion_state":0,"options":{"engine":"r","label":"unnamed-chunk-2","dev":"png"},"document_id":"FDA6DDBB","chunk_id":"c9wn3pvz9xphe","chunk_label":"unnamed-chunk-1"},{"row":57,"row_count":1,"visible":true,"expansion_state":0,"options":{"engine":"r","label":"read-raw","dev":"png"},"document_id":"FDA6DDBB","chunk_id":"covri3y5i30so","chunk_label":"read-raw"},{"row":81,"row_count":1,"visible":true,"expansion_state":0,"options":{"engine":"r","label":"cleanup","dev":"png"},"document_id":"FDA6DDBB","chunk_id":"c0ah5klfzj0ai","chunk_label":"cleanup"},{"row":170,"row_count":1,"visible":true,"expansion_state":0,"options":{"engine":"r","label":"plot-raw-bt","echo":false,"fig.align":"center","fig.cap":"breakTime の分布 (異常値除外前)","fig.height":6,"fig.width":6,"warning":false,"out.width":"50%","dev":"png"},"document_id":"FDA6DDBB","chunk_id":"c43br0tt8opkh","chunk_label":"plot-raw-bt"},{"row":208,"row_count":1,"visible":true,"expansion_state":0,"options":{"engine":"r","label":"plot-raw-bt-sub","echo":false,"fig.align":"center","fig.cap":"参加者ごとのbreakTime の分布 (異常値除外前)","fig.height":8,"fig.width":8,"warning":false,"out.width":"90%","dev":"png"},"document_id":"FDA6DDBB","chunk_id":"ck8d0s1o2rkzw","chunk_label":"plot-raw-bt-sub"},{"row":254,"row_count":1,"visible":true,"expansion_state":0,"options":{"engine":"r","label":"check-outliers","dev":"png"},"document_id":"FDA6DDBB","chunk_id":"c89bmhvz8mcrz","chunk_label":"check-outliers"},{"row":289,"row_count":1,"visible":true,"expansion_state":0,"options":{"engine":"r","label":"plot-raw-outlierFlag","echo":false,"fig.align":"center","fig.cap":"参加者ごとの外れ値を記録した試行数","fig.height":6,"fig.width":6,"warning":false,"out.width":"50%","dev":"png"},"document_id":"FDA6DDBB","chunk_id":"cle7r310ag1wh","chunk_label":"plot-raw-outlierFlag"},{"row":324,"row_count":1,"visible":true,"expansion_state":0,"options":{"engine":"r","label":"plot-raw-flag","fig.align":"center","fig.cap":"参加者ごとの異常値を記録した試行数","fig.height":6,"fig.width":6,"warning":false,"out.width":"50%","dev":"png"},"document_id":"FDA6DDBB","chunk_id":"copc5wuzzjf3v","chunk_label":"plot-raw-flag"},{"row":340,"row_count":1,"visible":true,"expansion_state":0,"options":{"engine":"r","label":"calc-reject-stats","include":false,"dev":"png"},"document_id":"FDA6DDBB","chunk_id":"c2dvq5qasdjmu","chunk_label":"calc-reject-stats"}],"doc_write_time":1724669670,"chunk_rendered_width":700}