expID,subID,eye,trialID,month,date,targetCategory,targetID,quadrant,breakTime,breakContrast,ans,see
1,13,Right,1,11,18,Upright,11,2,1.9199797,0.38,TRUE,See
1,13,Right,1,11,18,Upright,18,2,3.8360132,0.76,TRUE,See
1,13,Right,1,11,18,Inverted,26,1,2.4711368,0.5,TRUE,See
1,13,Right,1,11,18,Inverted,40,2,1.8022794,0.36,TRUE,See
1,13,Right,1,11,18,Upright,11,1,1.1365042,0.24,TRUE,See
1,13,Right,1,11,18,Upright,8,1,1.9237339,0.38,TRUE,See
1,13,Right,1,11,18,Inverted,35,2,1.4433003,0.3,TRUE,See
1,13,Right,1,11,18,Inverted,37,1,0.8846725,0.18,TRUE,See
1,13,Right,1,11,18,Inverted,25,1,0.9912492,0.2,TRUE,See
1,13,Right,1,11,18,Inverted,32,2,1.2049256,0.24,TRUE,See
1,13,Right,1,11,18,Upright,5,2,0.8275642,0.18,FALSE,Dont see
1,13,Right,1,11,18,Inverted,39,1,1.0751015,0.22,TRUE,See
1,13,Right,1,11,18,Upright,1,2,2.6868559,0.54,TRUE,See
1,13,Right,1,11,18,Upright,14,1,1.7693852,0.36,TRUE,See
1,13,Right,1,11,18,Upright,12,2,1.9447738,0.38,TRUE,See
1,13,Right,1,11,18,Upright,7,2,3.4819398,0.68,TRUE,See
1,13,Right,1,11,18,Upright,9,1,0.9118771,0.18,TRUE,See
1,13,Right,1,11,18,Upright,20,2,2.5379128,0.5,TRUE,See
1,13,Right,1,11,18,Inverted,22,2,4.3483913,0.86,TRUE,See
1,13,Right,1,11,18,Inverted,31,2,1.4683342,0.3,TRUE,See
1,13,Right,1,11,18,Inverted,26,2,1.9586333,0.4,TRUE,See
1,13,Right,1,11,18,Inverted,29,2,2.2379065,0.44,TRUE,See
1,13,Right,1,11,18,Upright,4,1,0.8821517,0.18,TRUE,See
1,13,Right,1,11,18,Upright,19,1,1.3968331,0.28,TRUE,See
1,13,Right,1,11,18,Inverted,36,2,1.1918563,0.24,TRUE,See
1,13,Right,1,11,18,Inverted,32,1,1.4851243,0.3,TRUE,See
1,13,Right,1,11,18,Upright,4,2,1.137132,0.24,TRUE,See
1,13,Right,1,11,18,Upright,8,2,1.6911537,0.34,TRUE,See
1,13,Right,1,11,18,Inverted,28,2,1.7874131,0.36,TRUE,See
1,13,Right,1,11,18,Upright,6,2,2.1090817,0.42,TRUE,See
1,13,Right,1,11,18,Upright,20,1,1.7631169,0.36,TRUE,See
1,13,Right,1,11,18,Upright,2,1,7.8141729,1,TRUE,See
1,13,Right,1,11,18,Upright,17,1,4.1067586,0.82,TRUE,See
1,13,Right,1,11,18,Inverted,34,2,2.7151584,0.54,TRUE,See
1,13,Right,1,11,18,Upright,12,1,1.0298375,0.22,TRUE,See
1,13,Right,1,11,18,Upright,5,1,0.9695865,0.2,TRUE,See
1,13,Right,1,11,18,Upright,18,1,1.7519677,0.36,TRUE,See
1,13,Right,1,11,18,Inverted,23,1,2.2227285,0.44,TRUE,See
1,13,Right,1,11,18,Upright,15,2,1.5689718,0.32,TRUE,See
1,13,Right,1,11,18,Inverted,35,1,0.9827639,0.2,TRUE,See
1,13,Right,1,11,18,Upright,19,2,1.5664059,0.32,TRUE,See
1,13,Right,1,11,18,Upright,7,1,0.8091211,0.16,TRUE,See
1,13,Right,1,11,18,Inverted,25,2,1.108469,0.22,TRUE,See
1,13,Right,1,11,18,Inverted,40,1,1.0538144,0.22,TRUE,See
1,13,Right,1,11,18,Inverted,27,1,2.0542681,0.42,TRUE,See
1,13,Right,1,11,18,Inverted,24,2,1.6268392,0.32,TRUE,See
1,13,Right,1,11,18,Upright,10,2,3.6543017,0.72,TRUE,See
1,13,Right,1,11,18,Inverted,39,2,1.7238722,0.34,TRUE,See
1,13,Right,1,11,18,Upright,3,1,4.8342001,0.96,TRUE,See
1,13,Right,1,11,18,Upright,17,2,4.106756,0.82,TRUE,See
1,13,Right,1,11,18,Upright,6,1,1.627282,0.32,TRUE,See
1,13,Right,1,11,18,Inverted,29,1,1.381399,0.28,TRUE,See
1,13,Right,1,11,18,Inverted,38,1,1.8113789,0.36,TRUE,See
1,13,Right,1,11,18,Upright,10,1,2.8181734,0.56,TRUE,See
1,13,Right,1,11,18,Inverted,33,1,1.9212274,0.38,TRUE,See
1,13,Right,1,11,18,Upright,9,2,4.8705052,0.96,TRUE,See
1,13,Right,1,11,18,Upright,1,1,3.9556288,0.78,TRUE,See
1,13,Right,1,11,18,Upright,14,2,1.0760154,0.22,TRUE,See
1,13,Right,1,11,18,Inverted,28,1,0.8751843,0.18,TRUE,See
1,13,Right,1,11,18,Inverted,21,2,1.1023261,0.22,TRUE,See
1,13,Right,1,11,18,Upright,3,2,1.1981819,0.24,TRUE,See
1,13,Right,1,11,18,Inverted,22,1,0.6661297,0.14,TRUE,See
1,13,Right,1,11,18,Inverted,31,1,1.8550696,0.38,TRUE,See
1,13,Right,1,11,18,Inverted,23,2,2.7106708,0.54,TRUE,See
1,13,Right,1,11,18,Inverted,38,2,4.6392581,0.92,TRUE,See
1,13,Right,1,11,18,Inverted,33,2,3.4792466,0.68,TRUE,See
1,13,Right,1,11,18,Upright,16,1,1.4254673,0.28,TRUE,See
1,13,Right,1,11,18,Upright,15,1,4.4172991,0.88,TRUE,See
1,13,Right,1,11,18,Inverted,37,2,2.0307092,0.4,TRUE,See
1,13,Right,1,11,18,Inverted,36,1,3.3321873,0.66,TRUE,See
1,13,Right,1,11,18,Inverted,34,1,5.2030576,1,TRUE,See
1,13,Right,1,11,18,Inverted,24,1,2.1659528,0.44,TRUE,See
1,13,Right,1,11,18,Inverted,27,2,2.6923916,0.54,TRUE,See
1,13,Right,1,11,18,Inverted,21,1,3.0046195,0.6,TRUE,See
1,13,Right,1,11,18,Upright,13,1,3.9749982,0.78,TRUE,See
1,13,Right,1,11,18,Upright,16,2,2.3616694,0.48,TRUE,See
1,13,Right,1,11,18,Inverted,30,1,3.4998379,0.7,TRUE,See
1,13,Right,1,11,18,Upright,13,2,3.4648318,0.68,TRUE,See
1,13,Right,1,11,18,Upright,2,2,4.0372391,0.8,TRUE,See
1,13,Right,1,11,18,Inverted,30,2,5.0738158,1,TRUE,See
