{"chunk_definitions":[{"row":4,"row_count":1,"visible":true,"expansion_state":0,"options":{"engine":"r","label":"unnamed-chunk-3","dev":"png"},"document_id":"74166217","chunk_id":"cwdu7k5p2rlu5","chunk_label":"unnamed-chunk-1"},{"row":16,"row_count":1,"visible":true,"expansion_state":0,"options":{"engine":"r","label":"exclude-subject","dev":"png"},"document_id":"74166217","chunk_id":"crwr3h18irheh","chunk_label":"exclude-subject"},{"row":34,"row_count":1,"visible":true,"expansion_state":0,"options":{"engine":"r","label":"BT-perSub","dev":"png"},"document_id":"74166217","chunk_id":"cmfmbcri9rt0m","chunk_label":"BT-perSub"}],"doc_write_time":1724748784}