{"chunk_definitions":[{"row":8,"row_count":1,"visible":true,"expansion_state":0,"options":{"engine":"r","label":"setup","include":false,"dev":"png"},"document_id":"79A85F5B","chunk_id":"csetup_chunk","chunk_label":"setup"},{"row":24,"row_count":1,"visible":true,"expansion_state":0,"options":{"engine":"r","label":"genData","dev":"png"},"document_id":"79A85F5B","chunk_id":"cm077jc2cs7mp","chunk_label":"genData"},{"row":42,"row_count":1,"visible":true,"expansion_state":0,"options":{"engine":"r","label":"dynamite-plot","dev":"png"},"document_id":"0FFE2FBA","chunk_id":"c1rizc310ccz0","chunk_label":"dynamite-plot"},{"row":59,"row_count":1,"visible":true,"expansion_state":0,"options":{"engine":"r","label":"dataPointPlot","dev":"png"},"document_id":"79A85F5B","chunk_id":"cozawo6hwmpsi","chunk_label":"dataPointPlot"},{"row":76,"row_count":1,"visible":true,"expansion_state":0,"options":{"engine":"r","label":"boxPlot","dev":"png"},"document_id":"0FFE2FBA","chunk_id":"c6uzvewwx9mju","chunk_label":"boxPlot"},{"row":93,"row_count":1,"visible":true,"expansion_state":0,"options":{"engine":"r","label":"unnamed-chunk-59","dev":"png"},"document_id":"0FFE2FBA","chunk_id":"c1866gmkdm0o6","chunk_label":"unnamed-chunk-1"},{"row":120,"row_count":1,"visible":true,"expansion_state":0,"options":{"engine":"r","label":"unnamed-chunk-70","dev":"png"},"document_id":"0FFE2FBA","chunk_id":"ca58xotj2a8cl","chunk_label":"unnamed-chunk-2"}],"doc_write_time":1724743347}